[
    {
        "id": 1,
        "name": "Dr. Aaditya Verma",
        "specialization": "Cardiologist",
        "profileImage": "doctors/Male-Doc1.jpg",
        "availability": [
            "2025-08-03T09:00",
            "2025-08-03T15:00",
            "2025-08-04T10:30"
        ],
        "status": "Available Today"
    },
    {
        "id": 2,
        "name": "Dr. Suman Jha",
        "specialization": "Dermatologist",
        "profileImage": "doctors/Female-Doc1.jpg",
        "availability": [],
        "status": "Fully Booked"
    },
    {
        "id": 3,
        "name": "Dr. Amit Khurana",
        "specialization": "Neurologist",
        "profileImage": "doctors/Male-Doc2.jpg",
        "availability": [
            "2025-08-04T12:00"
        ],
        "status": "Available Today"
    },
    {
        "id": 4,
        "name": "Dr. Meera Iyer",
        "specialization": "Pediatrician",
        "profileImage": "/doctors/Female-Doc2.jpg",
        "availability": [
            "2025-08-02T10:00",
            "2025-08-05T14:30"
        ],
        "status": "Available Tomorrow"
    },
    {
        "id": 5,
        "name": "Dr. Rajesh Singh",
        "specialization": "Orthopedic Surgeon",
        "profileImage": "doctors/Male-Doc3.jpg",
        "availability": [
            "2025-08-01T09:30",
            "2025-08-03T11:00"
        ],
        "status": "Available Today"
    },
    {
        "id": 6,
        "name": "Dr. Anjali Sharma",
        "specialization": "Gynecologist",
        "profileImage": "doctors/Female-Doc4.jpg",
        "availability": [],
        "status": "On Leave"
    },
    {
        "id": 7,
        "name": "Dr. Vikram Patel",
        "specialization": "Psychiatrist",
        "profileImage": "doctors/Male-Doc4.jpg",
        "availability": [
            "2025-08-06T15:00",
            "2025-08-07T10:00"
        ],
        "status": "Available Today"
    },
    {
        "id": 8,
        "name": "Dr. Nisha Rao",
        "specialization": "ENT Specialist",
        "profileImage": "doctors/Female-Doc6.jpg",
        "availability": [
            "2025-08-04T09:00",
            "2025-08-06T13:00",
            "2025-08-07T15:00"
        ],
        "status": "Available Today"
    },
    {
        "id": 9,
        "name": "Dr. Sunil Desai",
        "specialization": "General Surgeon",
        "profileImage": "doctors/Male-Doc.png",
        "availability": [],
        "status": "Fully Booked"
    },
    {
        "id": 10,
        "name": "Dr. Arjun Bonesaw",
        "specialization": "Endocrinologist",
        "profileImage": "doctors/Male-Doc7.jpg",
        "availability": [
            "2025-08-05T11:00",
            "2025-08-06T14:00"
        ],
        "status": "Available Tomorrow"
    },
    {
        "id": 11,
        "name": "Dr. Kavita Shah",
        "specialization": "Ophthalmologist",
        "profileImage": "doctors/Female-Doc5.jpg",
        "availability": [
            "2025-08-08T09:45",
            "2025-08-09T11:30"
        ],
        "status": "Available Today"
    },
    {
        "id": 12,
        "name": "Dr. Rohan Gupta",
        "specialization": "Pulmonologist",
        "profileImage": "doctors/Male-Doc6.jpg",
        "availability": [],
        "status": "On Leave"
    }
]